Title,Author,Year of Publication,Availability
Whispers of the Forgotten Realm,Evelyn Morrow,1997,Available
Harry Potter and the Prisoner of Azkaban,J.K. Rowling,2004,Available
Whispers of the Forgotten City,Elara Ashford,2024,Available
1984,George Orwell,1949,Available
To Kill a Mockingbird,Harper Lee,1960,Available
Pride and Prejudice,Jane Austen,1813,Available
The Catcher in the Rye,J.D. Salinger,1951,Available
Beloved,Toni Morrison,1987,Available
The Girl with the Dragon Tattoo,Stieg Larsson ,2005,Available
